<?xml version="1.0" encoding="UTF-8"?>
<project-private xmlns="http://www.netbeans.org/ns/project-private/1">
    <editor-bookmarks xmlns="http://www.netbeans.org/ns/editor-bookmarks/2" lastBookmarkId="0"/>
    <open-files xmlns="http://www.netbeans.org/ns/projectui-open-files/2">
        <group>
            <file>file:/D:/School/2nd%20year%201st%20term/OOP/OOPProj-master/src/LibraryManagementSystem/People.java</file>
            <file>file:/D:/School/2nd%20year%201st%20term/OOP/OOPProj-master/src/LibraryManagementSystem/Login.java</file>
            <file>file:/D:/School/2nd%20year%201st%20term/OOP/OOPProj-master/src/LibraryManagementSystem/Ebook.java</file>
            <file>file:/D:/School/2nd%20year%201st%20term/OOP/OOPProj-master/src/LibraryManagementSystem/LibrarySystem.java</file>
            <file>file:/D:/School/2nd%20year%201st%20term/OOP/OOPProj-master/src/LibraryManagementSystem/LibraryManagementSystem.java</file>
            <file>file:/D:/School/2nd%20year%201st%20term/OOP/OOPProj-master/src/LibraryManagementSystem/Users.java</file>
            <file>file:/D:/School/2nd%20year%201st%20term/OOP/OOPProj-master/nbproject/build-impl.xml</file>
            <file>file:/D:/School/2nd%20year%201st%20term/OOP/OOPProj-master/libraryFile.txt</file>
            <file>file:/D:/School/2nd%20year%201st%20term/OOP/OOPProj-master/src/LibraryManagementSystem/Books.java</file>
            <file>file:/D:/School/2nd%20year%201st%20term/OOP/OOPProj-master/src/LibraryManagementSystem/PhysicalBook.java</file>
            <file>file:/D:/School/2nd%20year%201st%20term/OOP/OOPProj-master/userDataBase.txt</file>
        </group>
    </open-files>
</project-private>
